subjectLabel,relation,objectLabel
Novarupta,volcano observatory,Alaska Volcano Observatory
Novarupta,located in protected area,Katmai National Park and Preserve
Novarupta,mountain range,Aleutian Range
Pinzón Island,part of,Galapagos Islands
Nyamuragira,located in protected area,Virunga National Park
Novarupta,part of,Aleutian Islands
Quetrupillán,located in the administrative territorial entity,Cautín Province
Nyamuragira,continent,Africa
Novarupta,continent,North America
Pinzón Island,named after,Vicente Yáñez Pinzó
Nyamuragira,country,Democratic Republic of the Congo
Nyamuragira,country,Democratic Republic of the Congo
Pinzón Island,located in or next to body of water,Pacific Ocean
Novarupta,located in the administrative territorial entity,Alaska
Pinzón Island,named after,Martín Alonso Pinzón
Nyamuragira,located in the administrative territorial entity,North Kivu
Pinzón Island,named after,"Adam Duncan, 1st Viscount Duncan"
Pinzón Island,named after,Anthony Deane
Descabezado Grande,continent,Americas
Quetrupillán,made from material,basalt
Quetrupillán,country,Chile
Nyamuragira,mountain range,Virunga Mountains
Pinzón Island,country,Ecuador
Pinzón Island,located in/on physical feature,Galapagos Islands
Pinzón Island,located in the administrative territorial entity,Galápagos Province
Novarupta,country,United States of America
Descabezado Grande,made from material,andesite
Descabezado Grande,country,Chile
Descabezado Grande,located in the administrative territorial entity,San Clemente
Mount Chōkai,continent,Asia
Kaiserstuhl,highest point,Totenkopf
Mount Mézenc,located in the administrative territorial entity,Ardèche
Mount Chōkai,described by source,Brockhaus and Efron Encyclopedic Dictionary
Mount Mézenc,country,France
Mount Chōkai,located in the administrative territorial entity,Yurihonjo
Mount Mézenc,continent,Europe
Kaiserstuhl,country,Germany
Mount Chōkai,located in the administrative territorial entity,Nikaho
Teide,continent,Africa
Mount Chōkai,located in the administrative territorial entity,Yuza
Mount Chōkai,country,Japan
Teide,key col,Atlantic Ocean
Mount Chōkai,located in the administrative territorial entity,Sakata
Teide,located in/on physical feature,Macaronesia
Teide,made from material,basalt
Teide,located in the administrative territorial entity,Santa Cruz de Tenerife Province
Nyamuragira,instance of,volcano
Mount Mézenc,located in the administrative territorial entity,Ardèche
Teide,located in protected area,Teide National Park
Teide,made from material,trachybasalt
Pinzón Island,instance of,island
Teide,volcano observatory,Instituto Volcanológico de Canarias
Pinzón Island,instance of,volcano
Teide,country,Spain
Teide,made from material,phonolite
Quetrupillán,instance of,mountain
Cantal mountains,mountain range,Massif Central
Cantal mountains,highest point,Plomb du Cantal
Novarupta,instance of,mountain
Nyamuragira,instance of,shield volcano
Descabezado Grande,instance of,mountain
Cantal mountains,located in the administrative territorial entity,Cantal
Descabezado Grande,instance of,volcano
Cantal mountains,made from material,volcanic rock
Mount Mézenc,instance of,volcano
Novarupta,instance of,volcano
Mount Iwate,located in the administrative territorial entity,Takizawa
Volcán Tolimán,country,Guatemala
San Félix Island,located in or next to body of water,Pacific Ocean
Volcán Tolimán,mountain range,Sierra Madre de Chiapas
Mount Chōkai,instance of,volcano
Kaiserstuhl,instance of,volcano
Kaiserstuhl,instance of,geotope
Quetrupillán,instance of,river source
Volcán Tolimán,located in the administrative territorial entity,Sololá Department
Mount Iwate,country,Japan
Mount Mézenc,instance of,mountain
Mount Iwate,made from material,basalt
Mount Iwate,located in the administrative territorial entity,Shizukuishi
Mount Iwate,located in the administrative territorial entity,Hachimantai
Volcán Tolimán,different from,Tolimán Municipality
Volcán Tolimán,continent,Americas
Mount Iwate,located in protected area,Towada-Hachimantai National Park
Cantal mountains,country,France
San Félix Island,located in the administrative territorial entity,Juan Fernández
Mount Batur,volcano observatory,Volcanological Survey of Indonesia
Quetrupillán,instance of,volcano
San Félix Island,part of,Desventuradas Islands
Mount Batur,located in the administrative territorial entity,Bali
Mount Batur,located in/on physical feature,Bali Island
Hoherodskopf,country,Germany
Hoherodskopf,mountain range,Vogelsberg
San Félix Island,located in/on physical feature,Desventuradas Islands
San Félix Island,country,Chile
Hoherodskopf,located in the administrative territorial entity,Hesse
Mount Batur,country,Indonesia
Teide,instance of,volcano
Tolbachik,volcano observatory,Institute of Volcanology and Seismology
Mount Iwate,different from,Mount Iwaki
Tolbachik,made from material,basalt
Mount Bosavi,located in the administrative territorial entity,Southern Highlands Province
Tolbachik,described by source,Brockhaus and Efron Encyclopedic Dictionary
Mount Bosavi,country,Papua New Guinea
Mount Scenery,continent,Americas
Kaiserstuhl,instance of,low mountain range
Cantal mountains,instance of,volcano
Tolbachik,located in the administrative territorial entity,Kamchatka Krai
Teide,instance of,architectural landmark
Mount Scenery,made from material,andesite
Descabezado Grande,mountain range,Andes
Cantal mountains,instance of,mountain range
Doña Juana,made from material,andesite
Alaid,continent,Asia
Descabezado Grande,mountain range,Andes
Tolbachik,country,Russia
Doña Juana,country,Colombia
Mount Scenery,country,Netherlands
Doña Juana,country,Colombia
Mount Scenery,located in the administrative territorial entity,Saba
Tolbachik,located in the administrative territorial entity,Kamchatka Krai
Kaiserstuhl,different from,Kaiserstuhl
Mount Iwate,instance of,mountain
Alaid,made from material,basalt
Alaid,located in/on physical feature,Atlasov Island
Pantelleria Island,located in or next to body of water,Mediterranean Sea
Kaiserstuhl,time period,Mesozoic
Doña Juana,located in protected area,Doña Juana-Cascabel Volcanic Complex
Mount Batur,instance of,volcano
Doña Juana,mountain range,Cordillera Central
Mount Iwate,instance of,volcano
Alaid,located in the administrative territorial entity,Severo-Kurilsky District
Alaid,country,Russia
San Félix Island,instance of,volcano
Mount Batur,instance of,mountain
Mount Yōtei,located in protected area,Shikotsu-Tōya National Park
Pantelleria Island,different from,Pantelleria
Mount Yōtei,located in the administrative territorial entity,Niseko
Mount Yōtei,located in the administrative territorial entity,Kutchan
Volcán Tolimán,instance of,volcano
Mount Yōtei,located in the administrative territorial entity,Kimobetsu
Hoherodskopf,instance of,volcano
Mount Yōtei,located in/on physical feature,Hokkaido
Tolbachik,instance of,shield volcano
Mount Bosavi,instance of,mountain
Hoherodskopf,instance of,mountain
Pantelleria Island,country,Italy
Mount Yōtei,made from material,andesite
Mauna Kea,continent,Insular Oceania
San Félix Island,instance of,island
Mauna Kea,located in/on physical feature,Hawaii
Mount Bosavi,instance of,volcano
Mauna Kea,located in the administrative territorial entity,Hawaii County
Mount Yōtei,country,Japan
Mount Yōtei,located in the administrative territorial entity,Makkari
Mount Yōtei,located in the administrative territorial entity,Kyogoku
Doña Juana,instance of,volcano
Tolbachik,instance of,volcano
Cumbal,country,Colombia
Cumbal,continent,Americas
Mauna Kea,made from material,basalt
Cumbal,located in the administrative territorial entity,Nariño Department
Mauna Kea,mountain range,Hawaiian–Emperor seamount chain
Mauna Kea,country,United States of America
Mount Scenery,time period,Holocene
Mount Scenery,instance of,stratovolcano
Mauna Kea,offers view on,Hawaiian Islands
Mount Scenery,instance of,mountain
Mauna Kea,volcano observatory,Hawaiian Volcano Observatory
Cumbal,country,Colombia
Mount Tateshina,located in/on physical feature,Honshu
Cumbal,made from material,dacite
Mount Scenery,located in/on physical feature,Saba
Mount Scenery,part of,Caribbean Netherlands
Mount Azuma-kofuji,located in protected area,Bandai-Asahi National Park
Mount Azuma-kofuji,made from material,andesite
Shiveluch,part of,Kamchatka Peninsula
Mount Tateshina,located in the administrative territorial entity,Chino
Mount Azuma-kofuji,mountain range,Mount Azuma
Mount Tateshina,located in the administrative territorial entity,Tateshina
Shiveluch,continent,Asia
Shiveluch,located in/on physical feature,Kamchatka Peninsula
Shiveluch,made from material,andesite
Shiveluch,volcano observatory,Institute of Volcanology and Seismology
Mount Tateshina,country,Japan
Shiveluch,described by source,Brockhaus and Efron Encyclopedic Dictionary
Gunung Guntur,volcano observatory,Volcanological Survey of Indonesia
Shiveluch,located in the administrative territorial entity,Kamchatka Krai
Mount Azuma-kofuji,located in the administrative territorial entity,Fukushima
Mount Scenery,instance of,volcano
Shiveluch,mountain range,Eastern Range
Mount Azuma-kofuji,country,Japan
Mount Scenery,part of,Lesser Antilles
Gunung Guntur,located in/on physical feature,Java
Shiveluch,country,Russia
Doña Juana,instance of,mountain
Pantelleria Island,instance of,volcano
Alaid,instance of,volcano
Shiveluch,located in the administrative territorial entity,Kamchatka Krai
Snæfellsjökull,located in protected area,Snæfellsjökull National Park
Snæfellsjökull,different from,Snæfell
Mount Yōtei,instance of,volcano
Pantelleria Island,instance of,island
Snæfellsjökull,different from,Snaefell
Krafla,part of,Iceland
Krafla,continent,Europe
Gunung Guntur,country,Indonesia
Snæfellsjökull,located in the administrative territorial entity,Snæfellsbær
San Pedro,continent,South America
San Pedro,mountain range,Cordillera Occidental
Snæfellsjökull,country,Iceland
Krafla,located in the administrative territorial entity,Þingeyjarsveit
Krafla,country,Iceland
Krafla,made from material,basalt
Gunung Guntur,located in the administrative territorial entity,Garut
San Pedro,country,Chile
Cumbal,instance of,volcano
Pacaya,mountain range,Sierra Madre de Chiapas
San Pedro,located in the administrative territorial entity,El Loa Province
Pacaya,located in the administrative territorial entity,Escuintla Department
Cumbal,instance of,mountain
Pacaya,volcano observatory,"Instituto Nacional de Sismología, Vulcanología, Meteorología e Hidrología"
Krafla,made from material,rhyolite
Mauna Kea,instance of,mountain
Pacaya,continent,Americas
Mount Nantai,owned by,Futarasan Shrine
Mount Nantai,located in or next to body of water,Lake Chūzenji
Mauna Kea,instance of,volcano
Pacaya,country,Guatemala
Mount Nantai,country,Japan
Mount Nantai,located in the administrative territorial entity,Nikko
Mount Kirishima,located in/on physical feature,Kyushu
Snæfellsjökull,instance of,ice cap
Mount Nantai,located in protected area,Nikkō National Park
Mount Kirishima,located in protected area,Kirishima-Kinkōwan National Park
Mount Kirishima,described by source,Brockhaus and Efron Encyclopedic Dictionary
Mount Kirishima,made from material,volcanic rock
Mount Kirishima,located in the administrative territorial entity,Miyazaki Prefecture
Mount Kirishima,located in the administrative territorial entity,Kagoshima Prefecture
Mount Nantai,made from material,andesite
Mount Nantai,located in/on physical feature,Honshu
Mount Kirishima,taxon found at location,Malus spontanea
Mount Kirishima,taxon found at location,Rhododendron kiusianum
Shiveluch,instance of,mountain
Mount Azuma-kofuji,instance of,volcano
Mount Kirishima,highest point,Mount Karakuni
Mount Erciyes,part of,Anatolia
Mount Tateshina,instance of,volcano
Mount Kirishima,country,Japan
Mount Erciyes,time period,Miocene
Mount Erciyes,mountain range,Taurus mountains
Snæfellsjökull,instance of,mountain
Gorely,part of,Eastern Range
Gorely,volcano observatory,Institute of Volcanology and Seismology
Mount Erciyes,described by source,Brockhaus and Efron Encyclopedic Dictionary
Mount Erciyes,located in the administrative territorial entity,Kayseri Province
Gorely,mountain range,Eastern Range
Gunung Guntur,instance of,volcano
San Pedro,instance of,volcano
Mount Erciyes,described by source,Paulys Realenzyklopädie der klassischen Altertumswissenschaft
Krafla,instance of,volcano
Snæfellsjökull,instance of,volcano
Mount Erciyes,country,Turkey
Atlasov Island,located in or next to body of water,Sea of Okhotsk
San Pedro,instance of,mountain
Cumbal,located in/on physical feature,Cordillera Central
Pacaya,instance of,volcano
Atlasov Island,country,Russia
Atlasov Island,located in the administrative territorial entity,Severo-Kurilsky District
Atlasov Island,highest point,Alaid
Krafla,instance of,caldera
Gunung Guntur,instance of,mountain
Shiveluch,instance of,volcano
Krafla,instance of,mountain
Atlasov Island,located in/on physical feature,Kuril Islands
Volcán de Agua,continent,North America
Chaitén,different from,Mount Fitz Roy
Gorely,country,Russia
Atlasov Island,named after,Vladimir Atlasov
Chaitén,continent,South America
Atlasov Island,location,Sea of Okhotsk
Volcán de Agua,continent,Americas
Volcán de Agua,country,Guatemala
Mount Wrangell,mountain range,Wrangell Mountains
Chaitén,continent,Americas
Chaitén,made from material,rhyolite
Mount Wrangell,continent,North America
Mount Wrangell,located in protected area,Wrangell–St. Elias National Park and Preserve
Pacaya,instance of,mountain
Mount Wrangell,made from material,andesite
Mount Kirishima,instance of,volcano
Mount Erciyes,instance of,tourist attraction
Mount Wrangell,volcano observatory,Alaska Volcano Observatory
Chaitén,country,Chile
Mount Nantai,instance of,volcano
Mount Erciyes,instance of,mountain
Mount Wrangell,country,United States of America
Esjufjöll,located in protected area,Vatnajökull National Park
Mount Erciyes,instance of,volcano
Gorely,instance of,mountain
Mehetia,located in the administrative territorial entity,French Polynesia
Mount Wrangell,named after,Ferdinand von Wrangel
Mehetia,located in or next to body of water,Pacific Ocean
Gorely,instance of,volcano
Mount Wrangell,located in the administrative territorial entity,Alaska
Mehetia,country,France
Merelava,located in or next to body of water,Pacific Ocean
Mehetia,different from,Menetia
Avachinsky,continent,Asia
Esjufjöll,country,Iceland
Merelava,country,Vanuatu
Avachinsky,located in the administrative territorial entity,Kamchatka Krai
Mehetia,part of,Windward Islands
Avachinsky,located in the administrative territorial entity,Kamchatka Krai
Merelava,part of,Banks Islands
Avachinsky,volcano observatory,Institute of Volcanology and Seismology
Avachinsky,country,Russia
Volcán de Agua,mountain range,Sierra Madre de Chiapas
Merelava,located in/on physical feature,Banks Islands
Avachinsky,mountain range,Sredinny Range
Avachinsky,described by source,Brockhaus and Efron Encyclopedic Dictionary
Chaitén,time period,Holocene
Merelava,located in the administrative territorial entity,Torba
Zavodovski Island,located in or next to body of water,Atlantic Ocean
Volcán de Agua,volcano observatory,"Instituto Nacional de Sismología, Vulcanología, Meteorología e Hidrología"
Atlasov Island,instance of,volcano
Popocatépetl,country,Mexico
Avachinsky,part of,Eastern Range
Mount Wrangell,instance of,volcano
Volcán de Agua,located in the administrative territorial entity,Sacatepéquez Department
Zavodovski Island,part of,South Sandwich Islands
Volcán de Agua,described by source,Brockhaus and Efron Encyclopedic Dictionary
Zavodovski Island,located in the administrative territorial entity,South Georgia and the South Sandwich Islands
Zavodovski Island,highest point,Mount Asphyxia
Puracé,mountain range,Cordillera Central
Puracé,different from,"Purace, Cauca"
Chaitén,instance of,volcano
Atlasov Island,instance of,island
Avachinsky,instance of,volcano
Puracé,located in the administrative territorial entity,Cauca Department
Puracé,made from material,andesite
Zavodovski Island,country,United Kingdom
Chaitén,instance of,mountain
Esjufjöll,instance of,mountain range
Zavodovski Island,different from,Zavadovskiy Island
Mount Kirishima,instance of,highland
Puracé,country,Colombia
Mehetia,instance of,volcano
Puracé,country,Colombia
Zavodovski Island,located in/on physical feature,South Sandwich Islands
Volcán de Agua,instance of,volcano
Mount Cleveland,volcano observatory,Alaska Volcano Observatory
Puracé,continent,Americas
Mount Cleveland,located in/on physical feature,Islands of Four Mountains
Mehetia,instance of,island
Mount Cleveland,located in/on physical feature,Chuginadak Island
Volcán Azufral,continent,South America
Avachinsky,instance of,mountain
Merelava,instance of,volcano
Mount Cleveland,mountain range,Aleutian Range
Mount Cleveland,made from material,andesite
Mount Cleveland,country,United States of America
Mount Wrangell,instance of,mountain
Mount Cleveland,located in the administrative territorial entity,Aleutians West Census Area
Mount Cleveland,part of,Aleutian Islands
Esjufjöll,instance of,volcano
Popocatépetl,located in the administrative territorial entity,Puebla
Volcán Azufral,mountain range,Andes
Popocatépetl,mountain range,Trans-Mexican Volcanic Belt
Popocatépetl,parent peak,Citlaltepetl
Popocatépetl,made from material,andesite
Popocatépetl,continent,North America
Volcán Azufral,mountain range,Andes
Volcán Azufral,country,Colombia
Mehetia,instance of,mountain
Volcán Azufral,located in the administrative territorial entity,Nariño Department
Popocatépetl,described by source,Encyclopædia Britannica 11th edition
Socorro Island,located in or next to body of water,Pacific Ocean
Popocatépetl,located in the administrative territorial entity,Morelos
Volcán Azufral,country,Colombia
Popocatépetl,described by source,Brockhaus and Efron Encyclopedic Dictionary
Bagabag,located in or next to body of water,Bismarck Sea
Bagabag,located in the administrative territorial entity,Madang Province
Popocatépetl,located in the administrative territorial entity,State of Mexico
Sotará,mountain range,Cordillera Central
Socorro Island,part of,Revillagigedo Islands
Socorro Island,has part(s),San Benedicto Island
Sotará,located in the administrative territorial entity,Cauca Department
Sotará,made from material,andesite
Mount Garibaldi,named after,Giuseppe Garibaldi
Zavodovski Island,instance of,island
Bagabag,country,Papua New Guinea
Socorro Island,located in the administrative territorial entity,Colima
Puracé,instance of,volcano
Zavodovski Island,instance of,volcano
Sotará,continent,Americas
Mount Garibaldi,volcano observatory,Geological Survey of Canada
Mount Garibaldi,located in the administrative territorial entity,Squamish-Lillooet Regional District
Socorro Island,country,Mexico
Mount Garibaldi,country,Canada
Sotará,country,Colombia
Sotará,country,Colombia
Mount Garibaldi,made from material,dacite
Volcán Azufral,instance of,volcano
Baluan Island,located in or next to body of water,Bismarck Sea
Baluan Island,part of,Admiralty Islands
Merelava,instance of,island
Mount Erebus,located in/on physical feature,Ross Island
Baluan Island,located in/on physical feature,Admiralty Islands
Baluan Island,located in the administrative territorial entity,Manus Province
Mount Erebus,significant event,Air New Zealand Flight 901
Mount Erebus,mountain range,Transantarctic Mountains
Baluan Island,country,Papua New Guinea
Mount Erebus,described by source,Brockhaus and Efron Encyclopedic Dictionary
Mount Erebus,named after,HMS Erebus
Mount Erebus,made from material,basalt
Mount Erebus,located in the administrative territorial entity,Antarctic Treaty area
Beerenberg,mountain range,Mid-Atlantic Ridge
Mount Erebus,continent,Antarctica
Beerenberg,continent,Europe
Beerenberg,located in/on physical feature,Jan Mayen
Volcán Azufral,instance of,mountain
Popocatépetl,instance of,volcano
Chaos Crags,located in protected area,Lassen Volcanic Wilderness
Beerenberg,located in the administrative territorial entity,Jan Mayen
Mount Cameroon,continent,Africa
Mount Cleveland,instance of,volcano
Beerenberg,country,Norway
Mount Cleveland,instance of,mountain
Chaos Crags,located in the administrative territorial entity,Shasta County
Citerne,mountain range,Basse-Terre Island
Citerne,located in/on physical feature,Basse-Terre Island
Chaos Crags,country,United States of America
Puracé,instance of,mountain
Citerne,located in/on physical feature,Basse-Terre
Bagabag,instance of,volcano
Citerne,country,France
Mount Garibaldi,instance of,mountain
Sotará,instance of,volcano
Bagabag,instance of,island
Citerne,located in protected area,Guadeloupe National Park
Citerne,located in the administrative territorial entity,Gourbeyre
Socorro Island,instance of,shield volcano
Citerne,volcano observatory,Volcanological and Seismological Observatory of Guadeloupe
El Chichón,continent,North America
Lonquimay,mountain range,Andes
Citerne,located in the administrative territorial entity,Guadeloupe
Socorro Island,instance of,volcano
El Chichón,mountain range,Sierra Madre de Chiapas
Mount Cameroon,country,Cameroon
Mount Garibaldi,instance of,volcano
Socorro Island,instance of,island
Baluan Island,instance of,island
El Chichón,located in the administrative territorial entity,Francisco León
El Chichón,country,Mexico
Lonquimay,country,Chile
Sotará,instance of,mountain
Mount Osore,located in the administrative territorial entity,Mutsu
Lonquimay,continent,Americas
Mount Rishiri,located in/on physical feature,Rishiri Island
Koryaksky,country,Russia
Mount Osore,founded by,Ennin
Lonquimay,located in the administrative territorial entity,Malleco Province
Lonquimay,mountain range,Andes
Beerenberg,instance of,volcano
Mount Cameroon,located in protected area,Mount Cameroon National Park
Baluan Island,instance of,volcano
Mount Cameroon,made from material,basalt
Mount Erebus,instance of,volcano
Mount Osore,located in/on physical feature,Shimokita Peninsula
Mount Cameroon,mountain range,Cameroon line
Mount Osore,country,Japan
Mount Rishiri,located in the administrative territorial entity,Rishiri
Lonquimay,made from material,andesite
Amsterdam Islands,located in or next to body of water,Indian Ocean
Koryaksky,volcano observatory,Institute of Volcanology and Seismology
Mount Cameroon,instance of,volcano
Koryaksky,mountain range,Sredinny Range
Koryaksky,described by source,Brockhaus and Efron Encyclopedic Dictionary
Amsterdam Islands,named after,Amsterdam
Mount Cameroon,located in the administrative territorial entity,Fako
Amsterdam Islands,location,Indian Ocean
Mount Rishiri,country,Japan
Koryaksky,part of,Eastern Range
Citerne,instance of,mountain
Amsterdam Islands,described by source,Encyclopædia Britannica 11th edition
Mount Erebus,instance of,mountain
Mount Rishiri,located in the administrative territorial entity,Rishirifuji
Amsterdam Islands,different from,Amsterdamøya
Amsterdam Islands,country,France
Amsterdam Islands,described by source,Brockhaus and Efron Encyclopedic Dictionary
El Chichón,instance of,volcano
Hengill,located in the administrative territorial entity,Grímsnes- og Grafningshreppur
Amsterdam Islands,part of,Saint Paul and Amsterdam
Mount Chiginagak,located in protected area,Alaska Peninsula National Wildlife Refuge
Citerne,instance of,volcano
Hengill,part of,Iceland
Hengill,country,Iceland
Amsterdam Islands,located in the administrative territorial entity,Saint Paul and Amsterdam
Chaos Crags,instance of,mountain
Île Saint-Paul,located in or next to body of water,Indian Ocean
Mount Chiginagak,volcano observatory,Alaska Volcano Observatory
Mount Chiginagak,country,United States of America
Mount Chiginagak,mountain range,Aleutian Range
Chaos Crags,instance of,volcano
Mount Chiginagak,located in the administrative territorial entity,Lake and Peninsula Borough
Île Saint-Paul,country,France
Île Saint-Paul,described by source,Encyclopædia Britannica 11th edition
Île Saint-Paul,located in the administrative territorial entity,Saint Paul and Amsterdam
Osorno,located in the administrative territorial entity,Osorno Province
Hanish Islands,country,Yemen
Hanish Islands,located in or next to body of water,Red Sea
Osorno,country,Chile
Mount Osore,instance of,sacred mountain
Mount Osore,instance of,volcano
Île Saint-Paul,part of,Saint Paul and Amsterdam
Amsterdam Islands,instance of,volcano
Koryaksky,instance of,volcano
Mount Ruapehu,parent peak,Aoraki / Mount Cook
Mount Rishiri,instance of,mountain
Mount Ruapehu,key col,Cook Strait
Île Saint-Paul,location,Indian Ocean
Mount Rishiri,instance of,volcano
Mount Cameroon,instance of,mountain
Lonquimay,instance of,volcano
Mount Ruapehu,continent,Insular Oceania
Hanish Islands,located in the administrative territorial entity,Al Hudaydah Governorate
Lonquimay,instance of,mountain
Mount Ruapehu,volcano observatory,GNS Science
Mount Ruapehu,country,New Zealand
Mount Ruapehu,located in/on physical feature,North Island
Klyuchevskaya Sopka,volcano observatory,Institute of Volcanology and Seismology
Hengill,instance of,mountain
Mount Ruapehu,located in protected area,Tongariro National Park
Mount Ruapehu,described by source,Encyclopædia Britannica 11th edition
Klyuchevskaya Sopka,described by source,Brockhaus and Efron Encyclopedic Dictionary
Mount Chiginagak,instance of,volcano
Klyuchevskaya Sopka,continent,Asia
Hengill,instance of,volcano
Mount Ruapehu,located in the administrative territorial entity,Ruapehu District
Klyuchevskaya Sopka,made from material,andesite
Klyuchevskaya Sopka,located in the administrative territorial entity,Kamchatka Krai
Linzor,continent,South America
Klyuchevskaya Sopka,country,Russia
Klyuchevskaya Sopka,located in the administrative territorial entity,Kamchatka Krai
Linzor,mountain range,Cordillera Occidental
Mount Ruapehu,located in the administrative territorial entity,Taupō District
Koryaksky,instance of,stratovolcano
Île Saint-Paul,instance of,volcano
Volcán de Fuego,mountain range,Sierra Madre de Chiapas
Linzor,country,Chile
Volcán de Fuego,continent,Central America
Amsterdam Islands,instance of,island
Klyuchevskaya Sopka,located in the administrative territorial entity,Ust-Kamchatsky District
Île Saint-Paul,instance of,island
Osorno,instance of,volcano
Volcán de Fuego,continent,Americas
Volcán de Fuego,located in the administrative territorial entity,Guatemala
Volcán de Fuego,country,Guatemala
Linzor,located in the administrative territorial entity,Sur Lípez Province
Linzor,country,Bolivia
Tristan da Cunha,discoverer or inventor,Tristão da Cunha
Cerro Macá,country,Chile
Cerro Macá,continent,Americas
Cerro Macá,made from material,basalt
Amsterdam Islands,instance of,administrative territorial entity
Amsterdam Islands,instance of,lava dome
Tristan da Cunha,named after,Tristão da Cunha
Tristan da Cunha,country,United Kingdom
Hanish Islands,instance of,volcano
Tristan da Cunha,located in or next to body of water,South Pacific Ocean
Tristan da Cunha,located in/on physical feature,Tristan da Cunha
Tristan da Cunha,significant place,Edinburgh of the Seven Seas
Cerro Macá,located in the administrative territorial entity,Aysén Province
Mutnovsky,volcano observatory,Institute of Volcanology and Seismology
Île Saint-Paul,instance of,administrative territorial entity
Tristan da Cunha,located in the administrative territorial entity,"Saint Helena, Ascension and Tristan da Cunha"
Kverkfjöll,located in protected area,Vatnajökull National Park
Mutnovsky,located in the administrative territorial entity,Kamchatka Krai
Tristan da Cunha,highest point,Queen Mary's Peak
Mutnovsky,mountain range,Eastern Range
Kverkfjöll,located in the administrative territorial entity,Fljótsdalshérað
Rangitoto Island,located in/on physical feature,New Zealand
Rangitoto Island,located in or next to body of water,Hauraki Gulf / Tīkapa Moana
Osorno,instance of,mountain
Klyuchevskaya Sopka,instance of,mountain
Mount Ruapehu,instance of,volcano
Mutnovsky,part of,Eastern Range
Mutnovsky,located in the administrative territorial entity,Kamchatka Krai
Klyuchevskaya Sopka,instance of,volcano
Rangitoto Island,country,New Zealand
Kverkfjöll,country,Iceland
Mutnovsky,country,Russia
Mount Nyiragongo,located in the administrative territorial entity,Democratic Republic of the Congo
Mount Nyiragongo,made from material,feldspathoid
Rangitoto Island,located in the administrative territorial entity,Auckland Region
Mount Nyiragongo,continent,Africa
Mount Nyiragongo,located in protected area,Virunga National Park
Mount Nyiragongo,mountain range,Virunga Mountains
Kronotsky,continent,Asia
Mount Nyiragongo,country,Democratic Republic of the Congo
Kronotsky,volcano observatory,Institute of Volcanology and Seismology
Kronotsky,made from material,basalt
Mount Nyiragongo,located in the administrative territorial entity,Democratic Republic of the Congo
Kronotsky,part of,Eastern Range
Fonualei,located in or next to body of water,Pacific Ocean
Cerro Macá,instance of,volcano
Linzor,instance of,volcano
Volcán de Fuego,instance of,volcano
Mount Nyiragongo,country,Democratic Republic of the Congo
Linzor,instance of,mountain
Kronotsky,mountain range,Eastern Range
Fonualei,located in/on physical feature,Tonga
Kronotsky,country,Russia
Fonualei,part of,Tonga
Llullaillaco,mountain range,Andes
Llullaillaco,mountain range,Andes
Llullaillaco,continent,South America
Fonualei,located in the administrative territorial entity,Vava‘u
Pular,mountain range,Andes
Mutnovsky,instance of,volcano
Kverkfjöll,instance of,mountain range
Cerro Macá,instance of,mountain
Llullaillaco,country,Chile
Pular,mountain range,Andes
Tristan da Cunha,instance of,volcano
Pular,continent,South America
Pular,made from material,andesite
Fonualei,country,Tonga
Tristan da Cunha,instance of,island
Volcán de Fuego,instance of,mountain
Pular,country,Chile
Torfajökull,time period,Pleistocene
Pular,located in the administrative territorial entity,El Loa Province
Mocho-Choshuenco,country,Chile
Llullaillaco,country,Argentina
Mocho-Choshuenco,made from material,andesite
Mocho-Choshuenco,continent,Americas
Torfajökull,made from material,rhyolite
Rangitoto Island,instance of,island
Torfajökull,has part(s),Bláhnjúkur
Volcán Maipo,mountain range,Andes
Nevado del Ruiz,mountain range,Cordillera Central
Nevado del Ruiz,time period,Pleistocene
Volcán Maipo,mountain range,Andes
Volcán Maipo,described by source,Brockhaus and Efron Encyclopedic Dictionary
Torfajökull,has part(s),Landmannalaugar
Torfajökull,has part(s),Brennisteinsalda
Torfajökull,located in the administrative territorial entity,Rangárþing ytra
Mount Nyiragongo,instance of,stratovolcano
Kverkfjöll,instance of,volcano
Torfajökull,country,Iceland
Fonualei,instance of,island
Galeras,continent,Americas
Galeras,country,Colombia
Galeras,mountain range,Andes
Rangitoto Island,instance of,volcano
Kronotsky,instance of,stratovolcano
Fonualei,instance of,volcano
Galeras,continent,South America
Galeras,mountain range,Cordillera Central
Galeras,made from material,andesite
San José,country,Chile
Pular,instance of,volcano
Llullaillaco,instance of,volcano
Galeras,mountain range,Andes
San José,mountain range,Andes
Kronotsky,instance of,volcano
San José,continent,Americas
Großer Beerberg,time period,Permian
Torfajökull,instance of,glacier
San José,mountain range,Andes
Galeras,country,Colombia
Galeras,different from,Galeras
San José,located in the administrative territorial entity,Tunuyán Department
Parícutin,mountain range,Trans-Mexican Volcanic Belt
Großer Beerberg,located in the administrative territorial entity,Suhl
Galeras,located in the administrative territorial entity,Nariño Department
Mocho-Choshuenco,instance of,mountain
Nevado del Ruiz,continent,South America
Llullaillaco,instance of,stratovolcano
Parícutin,located in the administrative territorial entity,Michoacán
Mount Nyiragongo,instance of,volcano
Parícutin,country,Mexico
Torfajökull,instance of,volcano
Großer Beerberg,country,Germany
Llullaillaco,instance of,mountain
Pular,instance of,mountain
San José,country,Argentina
Nevado del Ruiz,country,Colombia
Mocho-Choshuenco,instance of,volcano
Nevado del Ruiz,made from material,andesite
Großer Beerberg,mountain range,Thuringian Forest
Nevado del Ruiz,located in the administrative territorial entity,Risaralda Department
Volcán Maipo,continent,South America
Pular,instance of,stratovolcano
Sumaco,located in the administrative territorial entity,Napo Province
Nevado del Ruiz,country,Colombia
Nevado del Ruiz,located in the administrative territorial entity,Caldas Department
Sumaco,country,Ecuador
Volcán Maipo,located in the administrative territorial entity,Santiago Metropolitan Region
Mount Norikura,country,Japan
Mount Norikura,made from material,andesite
Incahuasi,mountain range,Andes
Mount Norikura,located in the administrative territorial entity,Takayama
Mount Norikura,located in the administrative territorial entity,Matsumoto
Volcán Maipo,country,Chile
Volcán Maipo,located in the administrative territorial entity,San José de Maipo
Incahuasi,mountain range,Andes
Michinmahuida,country,Chile
Incahuasi,country,Argentina
Großer Beerberg,instance of,mountain
Incahuasi,continent,Americas
Incahuasi,located in the administrative territorial entity,Catamarca Province
Incahuasi,country,Chile
Mount Pico,mountain range,Mid-Atlantic Ridge
Mount Norikura,located in protected area,Chūbu-Sangaku National Park
Mount Pico,located in/on physical feature,Pico Island
Galeras,instance of,volcano
Parícutin,instance of,volcano
Galeras,instance of,mountain
"Guallatiri, Chile",continent,Americas
Mount Pico,country,Portugal
San José,instance of,volcano
Großer Beerberg,instance of,volcano
San José,instance of,mountain
"Guallatiri, Chile",located in protected area,Lauca National Park
Mount Pico,located in the administrative territorial entity,Azores
Taapaca,country,Chile
"Guallatiri, Chile",made from material,andesite
Taapaca,made from material,andesite
Sumaco,instance of,volcano
Taapaca,mountain range,Cordillera Occidental
Isluga,continent,South America
Taapaca,located in the administrative territorial entity,Arica y Parinacota Region
Parícutin,instance of,mountain
Taapaca,located in protected area,Lauca National Park
Mount Norikura,instance of,volcano
Isluga,mountain range,Cordillera Occidental
North Head,located in/on physical feature,North Island
North Head,located in the administrative territorial entity,Auckland Region
Michinmahuida,instance of,volcano
Isluga,country,Chile
"Guallatiri, Chile",country,Chile
Nevado del Ruiz,instance of,volcano
Incahuasi,instance of,mountain
North Head,country,New Zealand
Late,country,Tonga
North Head,location,Devonport
Volcán Maipo,instance of,mountain
Incahuasi,instance of,volcano
Parícutin,instance of,cinder cone
Michinmahuida,instance of,mountain
Tupungatito,mountain range,Andes
Late,located in or next to body of water,Pacific Ocean
Late,located in the administrative territorial entity,Vava‘u
Tupungatito,continent,South America
Tupungatito,mountain range,Andes
Late,part of,Tonga
Wudalianchi,country,People's Republic of China
Volcán Maipo,instance of,volcano
Silay,located in/on physical feature,Negros
Mount Pico,instance of,nature reserve
Silay,located in the administrative territorial entity,Negros Occidental
Tupungatito,located in the administrative territorial entity,Tunuyán Department
Mount Pico,instance of,protected area
Silay,country,Philippines
Mount Pico,instance of,volcano
Mount Pico,instance of,mountain
Tupungatito,country,Chile
Tacora,continent,South America
Tacora,country,Chile
Silay,made from material,andesite
Tacora,located in the administrative territorial entity,Arica y Parinacota Region
Parinacota,continent,Americas
Taapaca,instance of,volcano
"Guallatiri, Chile",mountain range,Cordillera Occidental
"Guallatiri, Chile",instance of,volcano
Parinacota,located in the administrative territorial entity,La Paz
Parinacota,located in the administrative territorial entity,Arica y Parinacota Region
"Guallatiri, Chile",instance of,mountain
Tacora,made from material,andesite
Mount Yake,located in the administrative territorial entity,Matsumoto
North Head,instance of,volcano
Tacora,located in the administrative territorial entity,General Lagos
Parinacota,country,Bolivia
Isluga,instance of,stratovolcano
Mount Yake,located in the administrative territorial entity,Takayama
Parinacota,country,Chile
Parinacota,mountain range,Cordillera Occidental
Mount Yake,country,Japan
Mount Yake,located in protected area,Chūbu-Sangaku National Park
Parinacota,located in the administrative territorial entity,Putre
Mount Kusatsu-Shirane,located in the administrative territorial entity,Kusatsu
Mount Kusatsu-Shirane,country,Japan
Mount Yake,located in the administrative territorial entity,Nagano Prefecture
Parinacota,located in protected area,Lauca National Park
Tacora,instance of,stratovolcano
Mount Yake,mountain range,Hida Mountains
Mount Kusatsu-Shirane,made from material,andesite
North Head,instance of,point
Mount Kusatsu-Shirane,located in/on physical feature,Honshu
Isluga,instance of,volcano
Mount Kusatsu-Shirane,time period,Pleistocene
Mount Kusatsu-Shirane,located in protected area,Jōshin'etsu-kōgen National Park
Wudalianchi,instance of,volcano
Mount Kusatsu-Shirane,volcano observatory,Geospatial Information Authority of Japan
Silay,instance of,mountain
Mount Kusatsu-Shirane,described by source,Brockhaus and Efron Encyclopedic Dictionary
Tupungatito,instance of,volcano
Taapaca,instance of,mountain
Late,instance of,volcano
Mount Yake,located in the administrative territorial entity,Gifu Prefecture
Buckle Island,territory claimed by,New Zealand
Mauna Ulu,volcano observatory,Hawaiian Volcano Observatory
Mount Haku,described by source,Brockhaus and Efron Encyclopedic Dictionary
Mount Haku,named after,white
Silay,instance of,volcano
Mauna Ulu,made from material,basalt
North Head,instance of,headland
Mount Haku,located in the administrative territorial entity,Shirakawa
Mauna Ulu,located in/on physical feature,Hawaii
Mount Haku,located in protected area,Hakusan National Park
Buckle Island,continent,Antarctica
Buckle Island,located in or next to body of water,Southern Ocean
Mount Haku,located in the administrative territorial entity,Hakusan
Tacora,instance of,mountain
Tupungatito,instance of,mountain
Sarychev Peak,made from material,andesite
Buckle Island,part of,Balleny Islands
Mauna Ulu,located in the administrative territorial entity,Hawaii County
Buckle Island,located in the administrative territorial entity,Antarctic Treaty area
Mount Yake,instance of,volcano
Mauna Ulu,country,United States of America
Mount Haku,country,Japan
Parinacota,instance of,mountain
Sarychev Peak,named after,Gavril Sarychev
Sarychev Peak,volcano observatory,Institute of Volcanology and Seismology
Mauna Ulu,significant event,volcanic eruption
Tacora,instance of,volcano
Sarychev Peak,part of,Kuril Islands
Mount Karakuni,mountain range,Mount Kirishima
Sarychev Peak,continent,Asia
Sarychev Peak,located in the administrative territorial entity,Severo-Kurilsky District
Parinacota,instance of,volcano
Sarychev Peak,country,Russia
Mount Karakuni,located in protected area,Kirishima-Kinkōwan National Park
Sarychev Peak,located in/on physical feature,Matua
Calbuco,continent,Americas
Búrfell,located in the administrative territorial entity,Skeiða- og Gnúpverjahreppur
Mount Karakuni,located in the administrative territorial entity,Ebino
Calbuco,located in the administrative territorial entity,Araucanía Region
Búrfell,country,Iceland
Calbuco,country,Chile
Mount Karakuni,located in the administrative territorial entity,Kobayashi
Mount Kusatsu-Shirane,instance of,volcano
Mount Karakuni,located in the administrative territorial entity,Kirishima
Calbuco,different from,Calbuco
Tecuamburro,located in the administrative territorial entity,Santa Rosa Department
Calbuco,made from material,andesite
Calbuco,part of,volcano
Öræfajökull,time period,Pleistocene
Mount Haku,instance of,volcano
Tecuamburro,continent,Americas
Tecuamburro,country,Guatemala
Mount Karakuni,country,Japan
Öræfajökull,highest point,Hvannadalshnúkur
Öræfajökull,made from material,rhyolite
Öræfajökull,located in protected area,Vatnajökull National Park
Öræfajökull,made from material,basalt
Öræfajökull,country,Iceland
Öræfajökull,located in the administrative territorial entity,Sveitarfélagið Hornafjörður
Mount Haku,instance of,sacred mountain
Öræfajökull,located in/on physical feature,Mid-Atlantic Ridge
Buckle Island,instance of,island
Golovnin,located in/on physical feature,Kunashir Island
Domuyo,mountain range,Andes
Sarychev Peak,instance of,volcano
Golovnin,located in the administrative territorial entity,Yuzhno-Kurilsky District
Buckle Island,instance of,volcano
Domuyo,mountain range,Andes
Domuyo,continent,South America
Tecuamburro,mountain range,Sierra Madre de Chiapas
Mount Oku,located in the administrative territorial entity,Bui
Golovnin,country,Russia
Mount Oku,country,Cameroon
Búrfell,instance of,volcano
Aracar,mountain range,Andes
Mauna Ulu,instance of,volcano
Aracar,country,Argentina
Buckle Island,instance of,mountain
Antofalla,mountain range,Andes
Aracar,time period,Pliocene
Aracar,mountain range,Andes
Mount Oku,mountain range,Cameroon line
Antofalla,mountain range,Andes
Aracar,continent,Americas
Antofalla,continent,Americas
Domuyo,country,Argentina
Antofalla,country,Argentina
Floreana Island,located in or next to body of water,Pacific Ocean
Domuyo,located in the administrative territorial entity,Neuquén Province
Öræfajökull,instance of,glacier
Búrfell,instance of,mountain
Calbuco,instance of,mountain
Floreana Island,part of,Galapagos Islands
Mount Oku,instance of,volcano
Floreana Island,located in/on physical feature,Galapagos Islands
Calbuco,instance of,volcano
Floreana Island,country,Ecuador
Floreana Island,named after,Mary
Antofalla,located in the administrative territorial entity,Catamarca Province
Floreana Island,named after,Santa Maria
Golovnin,instance of,volcano
Calbuco,instance of,stratovolcano
Copahue,continent,South America
Copahue,mountain range,Andes
Izalco,located in the administrative territorial entity,Sonsonate Department
Copahue,continent,Americas
Copahue,located in the administrative territorial entity,Biobío Region
Copahue,country,Chile
Floreana Island,named after,Juan José Flores
Copahue,mountain range,Andes
Copahue,country,Argentina
Tecuamburro,instance of,volcano
Floreana Island,named after,Charles II of England
Izalco,continent,Americas
Izalco,continent,Central America
Öræfajökull,instance of,volcano
Tecuamburro,instance of,mountain
Central Island,located in or next to body of water,Lake Turkana
Hohe Acht,mountain range,Eifel
Öræfajökull,instance of,mountain
Central Island,country,Kenya
Mount Karakuni,instance of,volcano
Central Island,located in the administrative territorial entity,Kenya
Central Island,part of,Great Rift Valley
Izalco,mountain range,Cordillera de Apaneca-Lamatepec
Izalco,country,El Salvador
Izalco,described by source,Brockhaus and Efron Encyclopedic Dictionary
Mount Hudson,located in the administrative territorial entity,Aysén Province
Hohe Acht,country,Germany
Hohe Acht,located in the administrative territorial entity,Adenau
Aracar,instance of,mountain
Irazú Volcano,continent,Central America
Acamarachi,continent,South America
Mount Hudson,country,Chile
Central Island,part of,Lake Turkana National Parks
Domuyo,instance of,mountain
Acamarachi,made from material,andesite
Mount Hudson,continent,South America
Irazú Volcano,country,Costa Rica
Acamarachi,mountain range,Andes
Irazú Volcano,located in the administrative territorial entity,Costa Rica
Domuyo,instance of,volcano
Acamarachi,mountain range,Andes
Mount Tarumae,country,Japan
Mount Tarumae,located in/on physical feature,Hokkaido
Aracar,instance of,volcano
Mount Tarumae,time period,Holocene
Mount Tarumae,located in protected area,Shikotsu-Tōya National Park
Mount Oku,instance of,mountain
Acamarachi,located in the administrative territorial entity,El Loa Province
Mount Tarumae,made from material,andesite
Antofalla,instance of,volcano
Antofalla,instance of,mountain
Izalco,instance of,volcano
Acatenango,continent,North America
Acatenango,mountain range,Sierra Madre de Chiapas
Acatenango,country,Guatemala
Acatenango,continent,Americas
Floreana Island,instance of,island
Floreana Island,instance of,volcano
Irazú Volcano,part of,Andes
Acamarachi,country,Chile
Copahue,instance of,volcano
Mount Tarumae,located in the administrative territorial entity,Tomakomai
Irazú Volcano,part of,Andes
Concepción,located in/on physical feature,Ometepe
Concepción,volcano observatory,Nicaraguan Institute for Territorial Studies
Mount Tarumae,located in the administrative territorial entity,Chitose
Mount Isarog,located in the administrative territorial entity,Bicol Region
Concepción,located in the administrative territorial entity,Rivas Department
Mount Isarog,located in the administrative territorial entity,Camarines Sur
Acatenango,different from,Acatenango
Irazú Volcano,described by source,Brockhaus and Efron Encyclopedic Dictionary
Bandama Caldera,volcano observatory,Instituto Volcanológico de Canarias
Mount Hiuchigatake,located in the administrative territorial entity,Hinoemata
Mount Hudson,instance of,mountain
Mount Isarog,country,Philippines
Hohe Acht,instance of,volcano
Bandama Caldera,located in/on physical feature,Gran Canaria
Concepción,country,Nicaragua
Mount Hiuchigatake,made from material,andesite
Mount Isarog,located in protected area,Mount Isarog Natural Park
Bandama Caldera,located in the administrative territorial entity,Las Palmas
Mount Isarog,located in/on physical feature,Luzon
Acamarachi,instance of,mountain
Bandama Caldera,country,Spain
Mount Hiuchigatake,country,Japan
Mount Hudson,instance of,volcano
Central Island,instance of,volcano
Ichinsky,located in/on physical feature,Kamchatka Peninsula
Central Island,instance of,protected area
Ichinsky,located in the administrative territorial entity,Kamchatka Krai
Volcán Tacaná,mountain range,Sierra Madre de Chiapas
Ichinsky,country,Russia
Ichinsky,described by source,Brockhaus and Efron Encyclopedic Dictionary
Acamarachi,instance of,volcano
Ichinsky,mountain range,Sredinny Range
Mount Hiuchigatake,located in the administrative territorial entity,Fukushima Prefecture
Zhupanovsky,located in the administrative territorial entity,Kamchatka Krai
Irazú Volcano,instance of,volcano
Ichinsky,volcano observatory,Institute of Volcanology and Seismology
Ichinsky,located in the administrative territorial entity,Kamchatka Krai
Ichinsky,made from material,andesite
Zhupanovsky,mountain range,Eastern Range
Mount Hakone,located in protected area,Fuji-Hakone-Izu National Park
Zhupanovsky,located in the administrative territorial entity,Kamchatka Krai
Mount Tarumae,instance of,volcano
Acatenango,instance of,volcano
Zhupanovsky,volcano observatory,Institute of Volcanology and Seismology
Zhupanovsky,part of,Eastern Range
Mount Hakone,located in the administrative territorial entity,Gotemba
Mount Hakone,located in the administrative territorial entity,Minamiashigara
Mount Hakone,located in the administrative territorial entity,Hakone
Zhupanovsky,described by source,Brockhaus and Efron Encyclopedic Dictionary
Mount Hakone,located in the administrative territorial entity,Odawara
Mount Hakone,located in the administrative territorial entity,Manazuru
Mount Hakone,located in the administrative territorial entity,Yugawara
Mount Hakone,located in the administrative territorial entity,Mishima
Zhupanovsky,made from material,andesite
Acatenango,instance of,mountain
Kerlingarfjöll,made from material,rhyolite
Mount Hakone,located in the administrative territorial entity,Susono
Concepción,instance of,volcano
Mount Hakone,located in the administrative territorial entity,Kannami
Mount Hiuchigatake,located in protected area,Oze National Park
Mount Hakone,located in the administrative territorial entity,Oyama
Mount Hakone,highest point,Mount Kami
Mount Isarog,instance of,mountain
Kerlingarfjöll,located in the administrative territorial entity,Hrunamannahreppur
Lanín,located in protected area,Villarrica National Park
Mount Hiuchigatake,located in/on physical feature,Honshu
Mount Hakone,country,Japan
Bandama Caldera,instance of,mountain
Mount Isarog,instance of,volcano
Lanín,located in protected area,Lanín National Park
Volcán Tacaná,continent,Americas
Lanín,continent,Americas
Akita-Komagatake,made from material,andesite
Kerlingarfjöll,country,Iceland
Bandama Caldera,instance of,volcano
Volcán Tacaná,located in the administrative territorial entity,San Marcos Department
Lanín,country,Chile
Akita-Komagatake,country,Japan
Akita-Komagatake,located in protected area,Towada-Hachimantai National Park
Lanín,country,Argentina
Akita-Komagatake,located in the administrative territorial entity,Shizukuishi
Ichinsky,instance of,volcano
Zhupanovsky,country,Russia
Mount Mihara,country,Japan
Akita-Komagatake,location,Akita Prefecture
Mount Mihara,located in/on physical feature,Izu Ōshima
Santiago Island,named after,Jesus
Volcán Tacaná,country,Guatemala
Ichinsky,instance of,mountain
Santiago Island,located in or next to body of water,Pacific Ocean
Santiago Island,named after,Mark the Evangelist
Santiago Island,part of,Galapagos Islands
Santiago Island,named after,"St. James the Elder, Apostle"
Akita-Komagatake,made from material,basalt
Santiago Island,named after,Santiago de Compostela
Santiago Island,located in/on physical feature,Galapagos Islands
Mount Mihara,made from material,basalt
Akita-Komagatake,located in the administrative territorial entity,Semboku
Concepción,instance of,mountain
Mount Ontake,located in/on physical feature,Honshu
Mount Hakone,instance of,volcano
Mount Hiuchigatake,instance of,volcano
Mount Ontake,mountain range,Hida Mountains
Mount Ontake,located in the administrative territorial entity,Gero
Mount Mihara,located in the administrative territorial entity,Oshima
Santiago Island,country,Ecuador
Kerlingarfjöll,instance of,volcano
Santiago Island,named after,James II of England
Mount Ontake,located in the administrative territorial entity,Otaki
Nevado San Francisco,mountain range,Andes
Mount Ontake,made from material,andesite
Mount Akagi,located in/on physical feature,Honshu
Mount Ontake,located in the administrative territorial entity,Takayama
Mount Akagi,continent,Asia
Mount Akagi,located in the administrative territorial entity,Gunma Prefecture
Mount Ontake,country,Japan
Nevado San Francisco,mountain range,Andes
Mount Ontake,located in the administrative territorial entity,Kiso
Mount Hakone,instance of,mountain
Nevado San Francisco,continent,Americas
Kerlingarfjöll,instance of,massif
Mount Akagi,country,Japan
Akita-Komagatake,instance of,mountain
Zheltovsky,located in the administrative territorial entity,Kamchatka Krai
Nevado San Francisco,located in the administrative territorial entity,Copiapó Province
Zheltovsky,mountain range,Eastern Range
Lanín,instance of,volcano
Mount Akagi,made from material,andesite
Nevado San Francisco,country,Argentina
Zheltovsky,located in the administrative territorial entity,Kamchatka Krai
Zheltovsky,part of,Eastern Range
Nevado San Francisco,located in the administrative territorial entity,Tinogasta Department
Mount Mihara,instance of,volcano
Nevado San Francisco,country,Chile
Akita-Komagatake,instance of,mountain range
Lanín,instance of,mountain
Gareloi Volcano,volcano observatory,Alaska Volcano Observatory
Socompa,country,Argentina
Socompa,continent,South America
Volcán Tacaná,instance of,volcano
Mount Okmok,mountain range,Aleutian Range
Socompa,located in the administrative territorial entity,Salta Province
Zheltovsky,country,Russia
Gareloi Volcano,located in/on physical feature,Aleutian Islands
Zhupanovsky,instance of,volcano
Mount Okmok,located in the administrative territorial entity,Alaska
Socompa,mountain range,Andes
Gareloi Volcano,located in/on physical feature,Gareloi Island
Gareloi Volcano,country,United States of America
Sincholagua Volcano,mountain range,Andes
Mount Okmok,volcano observatory,Alaska Volcano Observatory
Gareloi Volcano,located in the administrative territorial entity,Aleutians West Census Area
Socompa,country,Chile
Gareloi Volcano,mountain range,Aleutian Range
Socompa,mountain range,Andes
Mount Okmok,located in/on physical feature,Umnak
Akita-Komagatake,instance of,volcano
Sincholagua Volcano,mountain range,Andes
Santiago Island,instance of,island
Mount Okmok,country,United States of America
Tromen,continent,Americas
Sincholagua Volcano,located in the administrative territorial entity,Pichincha
Santiago Island,instance of,volcano
Kelut,located in/on physical feature,Java
Kelut,volcano observatory,Volcanological Survey of Indonesia
Tromen,mountain range,Andes
Mount Akagi,instance of,volcano
Tromen,mountain range,Andes
Kelut,located in the administrative territorial entity,East Java
Mount Ontake,instance of,volcano
Tromen,located in the administrative territorial entity,Neuquén Province
Kelut,made from material,andesite
Ambitle,located in or next to body of water,Pacific Ocean
Kelut,continent,Asia
Sincholagua Volcano,country,Ecuador
Ambitle,located in/on physical feature,Bismarck Archipelago
Daisetsuzan Volcanic Group,continent,Asia
Tromen,country,Argentina
Nevado San Francisco,instance of,mountain
Ambitle,country,Papua New Guinea
Ambitle,part of,Feni Islands
Zheltovsky,instance of,volcano
Maderas,volcano observatory,Nicaraguan Institute for Territorial Studies
Maderas,located in the administrative territorial entity,Rivas Department
Ambitle,located in the administrative territorial entity,New Ireland Province
Socompa,instance of,volcano
Daisetsuzan Volcanic Group,located in/on physical feature,Hokkaido
Kelut,country,Indonesia
Daisetsuzan Volcanic Group,located in protected area,Daisetsuzan National Park
Daisetsuzan Volcanic Group,highest point,Asahi-dake
Nevado San Francisco,instance of,volcano
Daisetsuzan Volcanic Group,made from material,volcanic rock
Mount Taftan,made from material,andesite
Maderas,country,Nicaragua
Mount Taftan,continent,Asia
Mount Taftan,located in the administrative territorial entity,Sistan and Baluchestan Province
Mount Okmok,instance of,volcano
Ankaratra,made from material,trachyte
Gareloi Volcano,instance of,volcano
Tyatya,continent,Asia
Socompa,instance of,mountain
Daisetsuzan Volcanic Group,country,Japan
Mount Okmok,instance of,mountain
Ankaratra,country,Madagascar
Tyatya,volcano observatory,Institute of Volcanology and Seismology
Mount Ontake,instance of,sacred mountain
Tyatya,part of,Kunashir Island
Tyatya,country,Russia
Kelut,instance of,volcano
Sincholagua Volcano,instance of,volcano
Tyatya,located in the administrative territorial entity,Yuzhno-Kurilsky District
Tromen,instance of,volcano
Momotombo,mountain range,Cordillera Los Maribios
Mount Taftan,country,Iran
Momotombo,volcano observatory,Nicaraguan Institute for Territorial Studies
Momotombo,located in the administrative territorial entity,León Department
Momotombo,country,Nicaragua
Cerro Solo,mountain range,Andes
Sincholagua Volcano,instance of,stratovolcano
Cerro Solo,mountain range,Andes
Tyatya,located in/on physical feature,Kunashir Island
Tromen,instance of,mountain
Kelut,instance of,mountain
Ambitle,instance of,mountain
Momotombo,described by source,Brockhaus and Efron Encyclopedic Dictionary
Mount Taftan,instance of,volcano
Cerro Solo,country,Chile
Cerro Solo,continent,Americas
Puyehue-Cordón Caulle,continent,South America
Maderas,instance of,volcano
Ambitle,instance of,volcano
Mount Sanbe,located in protected area,Daisen-Oki National Park
Mount Sanbe,located in the administrative territorial entity,Oda
Gunung Merbabu,located in/on physical feature,Java
Cerro Solo,located in the administrative territorial entity,Tinogasta Department
Antuco,mountain range,Andes
Cerro Solo,country,Argentina
Gunung Merbabu,located in the administrative territorial entity,Boyolali
Gunung Merbabu,volcano observatory,Volcanological Survey of Indonesia
Tyatya,instance of,volcano
Puyehue-Cordón Caulle,country,Chile
Antuco,mountain range,Andes
Ambitle,instance of,island
Gunung Merbabu,located in the administrative territorial entity,Central Java
Daisetsuzan Volcanic Group,instance of,volcano
Antuco,continent,Americas
Ankaratra,instance of,volcano
Ankaratra,instance of,mountain range
Antuco,different from,Antuco
Mount Sanbe,located in the administrative territorial entity,Iinan
Mount Sanbe,country,Japan
Mount Taftan,instance of,mountain
San Cristóbal Volcano,mountain range,Cordillera Los Maribios
Puy de Dôme,volcano observatory,Observatoire de physique du globe de Clermont-Ferrand
San Cristóbal Volcano,made from material,andesite
Puy de Dôme,mountain range,Chaîne des Puys
Antuco,located in the administrative territorial entity,Bío Bío province
Gunung Merbabu,country,Indonesia
San Cristóbal Volcano,located in the administrative territorial entity,Chinandega Department
Puy de Dôme,country,France
Maderas,instance of,mountain
San Cristóbal Volcano,country,Nicaragua
Puy de Dôme,continent,Europe
Mount Unzen,located in/on physical feature,Shimabara Peninsula
Cerro Solo,instance of,mountain
Puy de Dôme,located in the administrative territorial entity,Orcines
Gunung Merbabu,instance of,stratovolcano
Puy de Dôme,location,Massif Central
Antuco,country,Chile
Mount Unzen,named after,onsen
Puyehue-Cordón Caulle,instance of,mountain
Mount Unzen,described by source,Brockhaus and Efron Encyclopedic Dictionary
Momotombo,instance of,volcano
Lastarria,mountain range,Andes
Mount Unzen,located in protected area,Unzen-Amakusa National Park
Lastarria,country,Argentina
Mount Unzen,country,Japan
Mount Unzen,located in the administrative territorial entity,Unzen
Lastarria,continent,Americas
Lastarria,country,Chile
Mount Unzen,located in the administrative territorial entity,Shimabara
Lastarria,made from material,andesite
Lastarria,located in the administrative territorial entity,Antofagasta de la Sierra Department
Ardoukoba,mountain range,Great Rift Valley
Mount Unzen,located in the administrative territorial entity,Minamishimabara
Lastarria,mountain range,Andes
Puyehue-Cordón Caulle,instance of,volcano
Ardoukoba,country,Djibouti
Ardoukoba,made from material,basalt
Ardoukoba,made from material,rhyolite
Gunung Merbabu,instance of,mountain
Mount Sanbe,instance of,volcano
Ardoukoba,significant event,volcanic eruption
San Cristóbal Volcano,instance of,mountain
Ardoukoba,located in the administrative territorial entity,Tadjourah Region
Cerro Solo,instance of,volcano
Goat Mountain,mountain range,Chisos Mountains
Goat Mountain,located in the administrative territorial entity,Brewster County
Goat Mountain,country,United States of America
Puy de Dôme,instance of,mountain
Antuco,instance of,mountain
Antuco,instance of,volcano
Goat Mountain,located in protected area,Big Bend National Park
Gunung Merbabu,instance of,volcano
Ardoukoba,made from material,picrobasalt
Mount Boucherie,time period,Palaeocene
Hiruzen,mountain range,Chugoku Mountains
Goat Mountain,continent,North America
Ardoukoba,part of,Great Rift Valley
Ardoukoba,made from material,trachybasalt
Puy de Dôme,instance of,scenic viewpoint
Mount Boucherie,made from material,rhyolite
Hiruzen,located in protected area,Daisen-Oki National Park
San Cristóbal Volcano,instance of,volcano
Mount Boucherie,located in the administrative territorial entity,British Columbia
Mount Boucherie,located in the administrative territorial entity,British Columbia
Puy de Dôme,instance of,lava dome
Hiruzen,located in the administrative territorial entity,Kurayoshi
Medicine Lake Volcano,located in protected area,Lava Beds National Monument
Mount Boucherie,country,Canada
Hiruzen,country,Japan
Hiruzen,located in the administrative territorial entity,Kofu
Hiruzen,located in the administrative territorial entity,Maniwa
Medicine Lake Volcano,located in the administrative territorial entity,Siskiyou County
Medicine Lake Volcano,made from material,basalt
Lastarria,instance of,mountain
Ardoukoba,instance of,volcano
Lastarria,instance of,volcano
Mount Unzen,instance of,volcano
Puy de Dôme,instance of,volcano
Medicine Lake Volcano,country,United States of America
Hiruzen,instance of,volcano
Mount Boucherie,instance of,volcano
Mount Boucherie,instance of,mountain
Goat Mountain,instance of,mountain
Goat Mountain,instance of,volcano
Medicine Lake Volcano,instance of,volcano
